<application>
  <component name="com.intellij.ide.ui.customization.CustomActionsSchema">
    <group value="Vcs.Operations.Popup" is_group="true" forse_popup="false" action_type="-1" position="20">
      <path value="root" />
      <option name="myInitialPosition" value="-1" />
    </group>
    <group value="Vcs.Log.Toolbar.RightCorner" is_group="true" forse_popup="false" action_type="-1" position="19">
      <path value="root" />
      <option name="myInitialPosition" value="-1" />
    </group>
    <group value="Vcs.Log.ChangesBrowser.Toolbar" is_group="true" forse_popup="false" action_type="-1" position="18">
      <path value="root" />
      <option name="myInitialPosition" value="-1" />
    </group>
    <group value="ChangesViewToolbar" is_group="true" forse_popup="false" action_type="-1" position="17">
      <path value="root" />
      <option name="myInitialPosition" value="-1" />
    </group>
    <group value="RunTab.TopToolbar" is_group="true" forse_popup="false" action_type="-1" position="16">
      <path value="root" />
      <option name="myInitialPosition" value="-1" />
    </group>
    <group value="RunTab.TopToolbar.More" is_group="true" forse_popup="false" action_type="-1" position="15">
      <path value="root" />
      <option name="myInitialPosition" value="-1" />
    </group>
    <group value="Markdown.Toolbar.Floating" is_group="true" forse_popup="false" action_type="-1" position="14">
      <path value="root" />
      <option name="myInitialPosition" value="-1" />
    </group>
    <group value="Floating.CodeToolbar" is_group="true" forse_popup="false" action_type="-1" position="13">
      <path value="root" />
      <option name="myInitialPosition" value="-1" />
    </group>
    <group value="Vcs.FileHistory.Toolbar" is_group="true" forse_popup="false" action_type="-1" position="12">
      <path value="root" />
      <option name="myInitialPosition" value="-1" />
    </group>
    <group value="XDebugger.Watches.Tree.Toolbar" is_group="true" forse_popup="false" action_type="-1" position="11">
      <path value="root" />
      <option name="myInitialPosition" value="-1" />
    </group>
    <group value="XDebugger.ToolWindow.TopToolbar3" is_group="true" forse_popup="false" action_type="-1" position="10">
      <path value="root" />
      <option name="myInitialPosition" value="-1" />
    </group>
    <group value="XDebugger.ToolWindow.TopToolbar3.Extra" is_group="true" forse_popup="false" action_type="-1" position="9">
      <path value="root" />
      <option name="myInitialPosition" value="-1" />
    </group>
    <group value="NavBarToolBar" is_group="true" forse_popup="false" action_type="-1" position="8">
      <path value="root" />
      <option name="myInitialPosition" value="-1" />
    </group>
    <group value="AtomFileIcons.Actions" is_group="true" forse_popup="false" action_type="-1" position="8">
      <path value="root" />
      <path value="Main Toolbar" />
      <path value="Right" />
      <option name="myInitialPosition" value="-1" />
    </group>
    <group value="AtomFileIcons.Actions" is_group="true" forse_popup="false" action_type="-1" position="8">
      <path value="root" />
      <path value="主工具栏" />
      <path value="右侧" />
      <option name="myInitialPosition" value="-1" />
    </group>
    <group value="NavbarPopupMenu" is_group="true" forse_popup="false" action_type="-1" position="7">
      <path value="root" />
      <option name="myInitialPosition" value="-1" />
    </group>
    <group value="AtomFileIcons.OldToolbar" is_group="true" forse_popup="false" action_type="-1" position="7">
      <path value="root" />
      <path value="Main Toolbar" />
      <path value="Right" />
      <option name="myInitialPosition" value="-1" />
    </group>
    <group value="AtomFileIcons.OldToolbar" is_group="true" forse_popup="false" action_type="-1" position="7">
      <path value="root" />
      <path value="主工具栏" />
      <path value="右侧" />
      <option name="myInitialPosition" value="-1" />
    </group>
    <group value="ScopeViewPopupMenu" is_group="true" forse_popup="false" action_type="-1" position="6">
      <path value="root" />
      <option name="myInitialPosition" value="-1" />
    </group>
    <group value="MaterialTheme.Menu" is_group="true" forse_popup="false" action_type="-1" position="6">
      <path value="root" />
      <path value="Main Toolbar" />
      <path value="Right" />
      <option name="myInitialPosition" value="-1" />
    </group>
    <group value="MaterialTheme.Menu" is_group="true" forse_popup="false" action_type="-1" position="6">
      <path value="root" />
      <path value="主工具栏" />
      <path value="右侧" />
      <option name="myInitialPosition" value="-1" />
    </group>
    <group value="ProjectViewPopupMenu" is_group="true" forse_popup="false" action_type="-1" position="5">
      <path value="root" />
      <option name="myInitialPosition" value="-1" />
    </group>
    <group value="SettingsEntryPoint" is_group="true" forse_popup="false" action_type="-1" position="5">
      <path value="root" />
      <path value="主工具栏" />
      <path value="右侧" />
      <option name="myInitialPosition" value="-1" />
    </group>
    <group value="EditorTabPopupMenu" is_group="true" forse_popup="false" action_type="-1" position="4">
      <path value="root" />
      <option name="myInitialPosition" value="-1" />
    </group>
    <group value="SearchEverywhere" is_action="true" action_type="-1" position="4">
      <path value="root" />
      <path value="主工具栏" />
      <path value="右侧" />
      <option name="myInitialPosition" value="-1" />
    </group>
    <group value="EditorGutterPopupMenu" is_group="true" forse_popup="false" action_type="-1" position="3">
      <path value="root" />
      <option name="myInitialPosition" value="-1" />
    </group>
    <group value="TranslationTitleBar" is_group="true" forse_popup="false" action_type="-1" position="3">
      <path value="root" />
      <path value="Main Toolbar" />
      <path value="Right" />
      <option name="myInitialPosition" value="-1" />
    </group>
    <group value="EditorPopupMenu" is_group="true" forse_popup="false" action_type="-1" position="2">
      <path value="root" />
      <option name="myInitialPosition" value="-1" />
    </group>
    <group value="MTFilenameWidget" is_action="true" action_type="-1" position="1">
      <path value="root" />
      <path value="Main Toolbar" />
      <path value="Center" />
      <option name="myInitialPosition" value="-1" />
    </group>
    <group value="MTFilenameWidget" is_action="true" action_type="-1" position="1">
      <path value="root" />
      <path value="主工具栏" />
      <path value="中心" />
      <option name="myInitialPosition" value="-1" />
    </group>
    <group value="MainMenu" is_group="true" forse_popup="false" action_type="-1" position="0">
      <path value="root" />
      <option name="myInitialPosition" value="-1" />
    </group>
    <group value="$ShowTranslationDialogAction" is_action="true" action_type="-1" position="0">
      <path value="root" />
      <path value="主工具栏" />
      <path value="右侧" />
      <path value="Translation Title Bar Actions" />
      <option name="myInitialPosition" value="-1" />
    </group>
    <group value="Vcs.UpdateProject" is_action="true" action_type="1" position="4">
      <path value="root" />
      <path value="主工具栏" />
      <path value="右侧" />
      <option name="myInitialPosition" value="-1" />
    </group>
    <group value="Vcs.UpdateProject" is_action="true" action_type="1" position="5">
      <path value="root" />
      <path value="Main Toolbar" />
      <path value="Right" />
      <option name="myInitialPosition" value="-1" />
    </group>
    <group value="CheckinProject" is_action="true" action_type="1" position="5">
      <path value="root" />
      <path value="主工具栏" />
      <path value="右侧" />
      <option name="myInitialPosition" value="-1" />
    </group>
    <group value="CheckinProject" is_action="true" action_type="1" position="6">
      <path value="root" />
      <path value="Main Toolbar" />
      <path value="Right" />
      <option name="myInitialPosition" value="-1" />
    </group>
    <group value="Vcs.Push" is_action="true" action_type="1" position="6">
      <path value="root" />
      <path value="主工具栏" />
      <path value="右侧" />
      <option name="myInitialPosition" value="-1" />
    </group>
    <group value="Vcs.Push" is_action="true" action_type="1" position="7">
      <path value="root" />
      <path value="Main Toolbar" />
      <path value="Right" />
      <option name="myInitialPosition" value="-1" />
    </group>
    <group value="ChangesView.Revert" is_action="true" action_type="1" position="7">
      <path value="root" />
      <path value="主工具栏" />
      <path value="右侧" />
      <option name="myInitialPosition" value="-1" />
    </group>
    <group value="Vcs.ShowTabbedFileHistory" is_action="true" action_type="1" position="8">
      <path value="root" />
      <path value="Main Toolbar" />
      <path value="Right" />
      <option name="myInitialPosition" value="-1" />
    </group>
    <group value="Vcs.ShowTabbedFileHistory" is_action="true" action_type="1" position="8">
      <path value="root" />
      <path value="主工具栏" />
      <path value="右侧" />
      <option name="myInitialPosition" value="-1" />
    </group>
    <action id="LocalHistory.ShowHistory" icon="jar:file:/C:/Users/Choool/AppData/Roaming/JetBrains/WebStorm2024.1/plugins/Atom%20Material%20Icons/lib/common.jar!/icons/toolbar/unknown.svg" />
    <action id="MainMenu" icon="jar:file:/C:/Users/Choool/AppData/Roaming/JetBrains/WebStorm2024.1/plugins/Atom%20Material%20Icons/lib/common.jar!/icons/expui/toolbar/unknown.svg" />
  </component>
</application>