<application>
  <component name="MaterialThemeConfig">
    <option name="isWizardShown" value="true" />
    <option name="pristineConfig" value="false" />
    <option name="useMaterialWallpapers" value="true" />
    <option name="accentColor" value="009688" />
    <option name="secondAccentColor" />
    <option name="highlightColor" />
    <option name="focusColor" />
    <option name="userId" value="-1ff9c8d9:16c92e7e962:-8000" />
    <option name="version" value="8.13.2" />
  </component>
</application>