<application>
  <component name="ProjectManager">
    <defaultProject>
      <component name="GithubDefaultAccount">
        <option name="defaultAccountId" value="542d0d2a-831d-4885-b732-d8613ce39028" />
      </component>
      <component name="ProjectViewState">
        <option name="hideEmptyMiddlePackages" value="true" />
        <option name="showLibraryContents" value="true" />
        <option name="showMembers" value="true" />
      </component>
      <component name="PropertiesComponent"><![CDATA[{
  "keyToString": {
    "last_opened_file_path": "D:/Project/web_vue",
    "settings.editor.selected.configurable": "MTConfigurable"
  }
}]]></component>
    </defaultProject>
  </component>
</application>