<application>
  <component name="CachedDictionaryState">
    <words>
      <w>aardio</w>
      <w>acco</w>
      <w>addpeople</w>
      <w>aijx</w>
      <w>antfu</w>
      <w>bilibili</w>
      <w>cloudbase</w>
      <w>composables</w>
      <w>contor</w>
      <w>ddqw</w>
      <w>doms</w>
      <w>downasaur</w>
      <w>echart</w>
      <w>fline</w>
      <w>gacha</w>
      <w>geetest</w>
      <w>haier</w>
      <w>icongoumaijiantou</w>
      <w>icongouwuche</w>
      <w>iconguanbi</w>
      <w>iconjiaru</w>
      <w>iconxiangxia</w>
      <w>jsdelivr</w>
      <w>liuc</w>
      <w>logto</w>
      <w>materialdesignicons</w>
      <w>microblog</w>
      <w>microblogorder</w>
      <w>miniprogram</w>
      <w>naturalpeople</w>
      <w>obfuscator</w>
      <w>officialaccount</w>
      <w>officialorder</w>
      <w>pixelarticons</w>
      <w>primevue</w>
      <w>qian</w>
      <w>qianqian</w>
      <w>removexxfz</w>
      <w>seccode</w>
      <w>sider</w>
      <w>smzdm</w>
      <w>taobao</w>
      <w>unocss</w>
      <w>unomi</w>
      <w>vueuse</w>
      <w>xiaoruanruan</w>
    </words>
  </component>
</application>