<application>
  <component name="AppStorage">
    <option name="newTranslationDialogCollapseDictViewer" value="false" />
    <option name="newTranslationDialogHeight" value="328" />
    <option name="newTranslationDialogWidth" value="716" />
    <option name="newTranslationDialogX" value="2602" />
    <option name="newTranslationDialogY" value="402" />
    <option name="pinTranslationDialog" value="true" />
    <histories>
      <item value="manager manager is only available for jsonyaml config file" />
      <item value="Authentication failed." />
      <item value="pp TypeError: Cannot read properties of undefined (reading 'close')" />
      <item value="Cannot read properties of undefined (reading 'close')" />
      <item value="exusiai" />
      <item value="is Only Show New Topic" />
      <item value="anime" />
      <item value="animation" />
      <item value="动画" />
      <item value="Animi" />
      <item value="图形" />
      <item value="tu'x" />
      <item value="图xing" />
      <item value="图像" />
      <item value="container" />
      <item value="false" />
      <item value="判断题目类型" />
      <item value="判断ti" />
      <item value="short answer questions" />
      <item value="填空题" />
      <item value="填空提" />
      <item value="tian'k" />
      <item value="简答题" />
      <item value="jia'da'ti" />
      <item value="jia'da" />
      <item value="inside" />
      <item value="seal" />
      <item value="答案" />
      <item value="da" />
      <item value="&lt;template v-for&gt;` key should be placed on the `&lt;template&gt;` tag.(vueno-v-for-template-key-on-child)" />
      <item value="Custom elements in iteration require 'v-bind:key' directives.(vuevalid-v-for)" />
      <item value="绿色模式" />
      <item value="inefficient Mode" />
      <item value="节能" />
      <item value="节约" />
      <item value="save Mode" />
      <item value="全选" />
      <item value="Property &quot;questions&quot; was accessed during render but is not defined on instance. " />
      <item value="Element implicitly has an 'any' type because expression of type 'string' can't be used to index type '{}'.   No index signature with a parameter of type 'string' was found on type '{}'" />
      <item value="Directive" />
      <item value="Driective" />
      <item value="指令" />
      <item value="上一个" />
      <item value="shang'yi" />
      <item value=": 'this' implicitly has type 'any' because it does not have a type annotation." />
      <item value="inner Width" />
      <item value="Window" />
      <item value="章节" />
      <item value="Cannot find module 'axios' or its corresponding type declarations." />
      <item value="Unknown variable dynamic import" />
    </histories>
    <option name="languageScores">
      <map>
        <entry key="CHINESE" value="2454" />
        <entry key="ENGLISH" value="2438" />
        <entry key="ARABIC" value="1" />
        <entry key="ESTONIAN" value="1" />
        <entry key="DANISH" value="3" />
        <entry key="FILIPINO" value="2" />
        <entry key="DUTCH" value="2" />
        <entry key="CATALAN" value="1" />
        <entry key="CROATIAN" value="1" />
        <entry key="ROMANIAN" value="2" />
        <entry key="NORWEGIAN" value="1" />
        <entry key="PORTUGUESE" value="1" />
        <entry key="JAPANESE" value="2" />
        <entry key="SWEDISH" value="1" />
        <entry key="SOMALI" value="1" />
        <entry key="SPANISH" value="1" />
        <entry key="INDONESIAN" value="1" />
        <entry key="VIETNAMESE" value="1" />
      </map>
    </option>
  </component>
  <component name="Cache">
    <option name="lastTrimTime" value="1664294342399" />
  </component>
  <component name="Translation.Cache">
    <option name="lastTrimTime" value="1722595005446" />
  </component>
  <component name="Translation.Settings">
    <option name="primaryFontPreviewText" value="海内存知己&#10;天涯若比邻" />
    <option name="primaryLanguage" value="CHINESE" />
    <option name="translator" value="MICROSOFT" />
    <option name="youdaoTranslateSettings">
      <youdao-translate>
        <option name="appId" value="7e149b1d2f3edf76" />
      </youdao-translate>
    </option>
  </component>
  <component name="Translation.States">
    <option name="pinTranslationDialog" value="true" />
    <option name="translationDialogHeight" value="260" />
    <option name="translationDialogLocationX" value="675" />
    <option name="translationDialogLocationY" value="385" />
    <option name="translationDialogWidth" value="568" />
    <histories>
      <item value="is seeking" />
      <item value="throttle dom" />
      <item value="conversions" />
      <item value="checksum" />
      <item value="fraud" />
      <item value="前缀" />
      <item value="ESLint: Unexpected mutation of &quot;account&quot; prop.(vueno-mutating-props)" />
      <item value="文件夹" />
      <item value="wen'jia'jia" />
      <item value="Vue: Argument of type T is not assignable to parameter of type never" />
      <item value="Serializer" />
      <item value="钓鱼" />
      <item value="挑战" />
      <item value="旗子" />
      <item value="qi'zi" />
      <item value="交互" />
      <item value="互动" />
      <item value="自动分类" />
      <item value="自动" />
      <item value="自动整理" />
      <item value="Danger Zone" />
      <item value="clear" />
      <item value="changelog" />
      <item value="changeLog" />
      <item value="requested Execution Level" />
      <item value="requested ExecutionLevel" />
      <item value="requestedExecutionLevel" />
      <item value="allow downgrades" />
      <item value="certificate thumbprint" />
      <item value="contrast" />
      <item value="accountmanage" />
      <item value="account manger" />
      <item value="Bookkeeping" />
      <item value="马" />
      <item value="hous" />
      <item value="ho" />
      <item value="hose" />
      <item value="hou" />
      <item value="house" />
      <item value="queuing" />
      <item value="排队" />
      <item value="DeferredContent postpones the loading the content that is initially not in the viewport until it becomes visible on scroll." />
      <item value="updatePreset" />
      <item value="update Surface Palette " />
      <item value="updateSurface Palette " />
      <item value="updateSurfacePalette " />
      <item value="transparent" />
      <item value="&quot;If `true`, sets the window title to be hidden on macOS." />
      <item value="container" />
      <item value="组件" />
    </histories>
    <option name="languageScores">
      <map>
        <entry key="BOSNIAN" value="1" />
        <entry key="CATALAN" value="1" />
        <entry key="CHINESE" value="556" />
        <entry key="ENGLISH" value="545" />
        <entry key="FRENCH" value="1" />
        <entry key="JAPANESE" value="1" />
        <entry key="POLISH" value="1" />
        <entry key="SPANISH" value="3" />
      </map>
    </option>
  </component>
</application>